"instance","size","algorithm","permutation","initial","time","cost","iterations","relative_deviation"
"N-be75eec_150",150," best"," exchange"," CW",0.12864,2836636,2,18.5536581192066
"N-be75eec_150",150," best"," exchange"," random",0.129692,2215441,2,36.3895948924265
"N-be75eec_150",150," best"," transpose"," CW",0.004976,2791789,6,19.8413186066036
"N-be75eec_150",150," best"," transpose"," random",0.004813,2110005,5,39.4169048830433
"N-be75eec_150",150," best"," insert"," CW",1.954038,3406798,16,2.18299611694864
"N-be75eec_150",150," best"," insert"," random",1.31528,3404893,10,2.23769304714445
"N-be75eec_250",250," best"," exchange"," CW",1.07208,7141980,2,19.6946815174577
"N-be75eec_250",250," best"," exchange"," random",1.068625,5791989,2,34.8741495646331
"N-be75eec_250",250," best"," transpose"," CW",0.028463,7112369,6,20.0276313136748
"N-be75eec_250",250," best"," transpose"," random",0.032945,5668583,7,36.2617420995683
"N-be75eec_250",250," best"," insert"," CW",15.234168,8729117,14,1.84871411620106
"N-be75eec_250",250," best"," insert"," random",15.704187,8684528,16,2.35007842215237
"N-be75np_150",150," best"," exchange"," CW",0.126475,5727028,2,20.173284594718
"N-be75np_150",150," best"," exchange"," random",0.118567,4965404,2,30.7892519505319
"N-be75np_150",150," best"," transpose"," CW",0.009774,5674004,10,20.9123645778523
"N-be75np_150",150," best"," transpose"," random",0.008063,4809500,6,32.9623344356438
"N-be75np_150",150," best"," insert"," CW",1.153299,7073927,9,1.39940691284546
"N-be75np_150",150," best"," insert"," random",1.387964,7042190,12,1.84177605558711
"N-be75np_250",250," best"," exchange"," CW",0.995217,14555603,2,18.2915450212618
"N-be75np_250",250," best"," exchange"," random",0.909286,11941484,2,32.9660057509591
"N-be75np_250",250," best"," transpose"," CW",0.027817,14546483,6,18.3427405031258
"N-be75np_250",250," best"," transpose"," random",0.032166,11908894,7,33.1489510090674
"N-be75np_250",250," best"," insert"," CW",16.259355,17545849,17,1.50568045307103
"N-be75np_250",250," best"," insert"," random",14.341446,17399162,15,2.32911374782812
"N-be75oi_150",150," best"," exchange"," CW",0.14556,1926228,2,14.2577855487609
"N-be75oi_150",150," best"," exchange"," random",0.120367,1628319,2,27.518613116917
"N-be75oi_150",150," best"," transpose"," CW",0.006876,1910448,7,14.9602009139412
"N-be75oi_150",150," best"," transpose"," random",0.006665,1494458,6,33.4771697201111
"N-be75oi_150",150," best"," insert"," CW",1.574823,2213370,13,1.47622960524969
"N-be75oi_150",150," best"," insert"," random",1.72929,2218559,14,1.24525157420275
"N-be75oi_250",250," best"," exchange"," CW",0.998902,4909947,2,16.9227200370349
"N-be75oi_250",250," best"," exchange"," random",1.00052,3162920,2,46.4827644085646
"N-be75oi_250",250," best"," transpose"," CW",0.025512,4874993,5,17.5141486703431
"N-be75oi_250",250," best"," transpose"," random",0.024241,2961478,5,49.8912031208969
"N-be75oi_250",250," best"," insert"," CW",16.07492,5802629,17,1.81836301813033
"N-be75oi_250",250," best"," insert"," random",12.35008,5786349,13,2.09382385666832
"N-be75tot_150",150," best"," exchange"," CW",0.13094,9626905,2,21.65417844029
"N-be75tot_150",150," best"," exchange"," random",0.12901,7848167,2,36.1299305069693
"N-be75tot_150",150," best"," transpose"," CW",0.007572,9605294,7,21.8300534021522
"N-be75tot_150",150," best"," transpose"," random",0.008173,7763504,8,36.8189361937097
"N-be75tot_150",150," best"," insert"," CW",1.11627,11955948,9,2.69992603176492
"N-be75tot_150",150," best"," insert"," random",2.119993,11869808,16,3.40095186188928
"N-be75tot_250",250," best"," exchange"," CW",0.982461,25149439,2,18.7643120529091
"N-be75tot_250",250," best"," exchange"," random",0.952999,20638640,2,33.3347308982778
"N-be75tot_250",250," best"," transpose"," CW",0.03639,25241623,8,18.4665467366444
"N-be75tot_250",250," best"," transpose"," random",0.033941,20410636,8,34.071211015973
"N-be75tot_250",250," best"," insert"," CW",15.913056,30372028,17,1.89472660092706
"N-be75tot_250",250," best"," insert"," random",13.278115,30325244,14,2.04584450160535
"N-stabu1_150",150," best"," exchange"," CW",0.133015,2322758,2,19.2289823947433
"N-stabu1_150",150," best"," exchange"," random",0.127145,1902838,2,33.8311775923487
"N-stabu1_150",150," best"," transpose"," CW",0.010432,2321695,9,19.2659468963033
"N-stabu1_150",150," best"," transpose"," random",0.005911,1827538,6,36.449641343491
"N-stabu1_150",150," best"," insert"," CW",1.355897,2848638,11,0.942160117841301
"N-stabu1_150",150," best"," insert"," random",1.249843,2843676,10,1.11470749012773
"N-stabu1_250",250," best"," exchange"," CW",1.020371,6365385,2,17.7858438498231
"N-stabu1_250",250," best"," exchange"," random",0.962712,4914536,2,36.524745932938
"N-stabu1_250",250," best"," transpose"," CW",0.032221,6431116,7,16.9368741963132
"N-stabu1_250",250," best"," transpose"," random",0.035716,4880794,8,36.960551474444
"N-stabu1_250",250," best"," insert"," CW",19.893689,7607132,21,1.74766520752362
"N-stabu1_250",250," best"," insert"," random",18.053405,7589851,19,1.97086346378482
"N-stabu2_150",150," best"," exchange"," CW",0.132345,3500562,2,19.10961844818
"N-stabu2_150",150," best"," exchange"," random",0.127591,2878084,2,33.4937324640477
"N-stabu2_150",150," best"," transpose"," CW",0.00798,3520854,7,18.6407144200698
"N-stabu2_150",150," best"," transpose"," random",0.006631,2726108,5,37.0055675998686
"N-stabu2_150",150," best"," insert"," CW",1.457103,4280744,12,1.08130766269412
"N-stabu2_150",150," best"," insert"," random",1.571247,4257913,13,1.60888246388593
"N-stabu2_250",250," best"," exchange"," CW",1.016966,9416768,2,18.118250697712
"N-stabu2_250",250," best"," exchange"," random",1.060339,8188665,2,28.7969912128641
"N-stabu2_250",250," best"," transpose"," CW",0.055729,9440197,11,17.9145281992493
"N-stabu2_250",250," best"," transpose"," random",0.030668,8062091,6,29.8975918155536
"N-stabu2_250",250," best"," insert"," CW",16.976156,11231471,18,2.33883932173773
"N-stabu2_250",250," best"," insert"," random",12.201468,11226065,13,2.38584618616597
"N-stabu3_150",150," best"," exchange"," CW",0.128278,3647073,2,19.141614630042
"N-stabu3_150",150," best"," exchange"," random",0.120476,2803518,2,37.8438712809933
"N-stabu3_150",150," best"," transpose"," CW",0.004793,3647263,5,19.137402185372
"N-stabu3_150",150," best"," transpose"," random",0.007763,2651712,7,41.2095258893524
"N-stabu3_150",150," best"," insert"," CW",1.595025,4439835,13,1.56547746397528
"N-stabu3_150",150," best"," insert"," random",1.771486,4449092,15,1.36024272549604
"N-stabu3_250",250," best"," exchange"," CW",0.963999,9672361,2,18.7218069437658
"N-stabu3_250",250," best"," exchange"," random",0.973766,7639096,2,35.8076151765731
"N-stabu3_250",250," best"," transpose"," CW",0.044332,9622214,10,19.1431991506107
"N-stabu3_250",250," best"," transpose"," random",0.044411,7552108,9,36.5385874239463
"N-stabu3_250",250," best"," insert"," CW",15.333797,11691151,16,1.75763414665914
"N-stabu3_250",250," best"," insert"," random",12.325675,11693543,13,1.73753383838999
"N-t59b11xx_150",150," best"," exchange"," CW",0.125651,2516375,2,22.3233165100091
"N-t59b11xx_150",150," best"," exchange"," random",0.118493,2232660,2,31.0811686808353
"N-t59b11xx_150",150," best"," transpose"," CW",0.004848,2503785,6,22.7119507338982
"N-t59b11xx_150",150," best"," transpose"," random",0.006072,2190795,5,32.3734777978423
"N-t59b11xx_150",150," best"," insert"," CW",1.78579,3163670,15,2.34230062817367
"N-t59b11xx_150",150," best"," insert"," random",1.323902,3160040,11,2.4543532280718
"N-t59b11xx_250",250," best"," exchange"," CW",0.943955,6721615,2,20.0940690045424
"N-t59b11xx_250",250," best"," exchange"," random",0.966151,5645755,2,32.8837921470867
"N-t59b11xx_250",250," best"," transpose"," CW",0.023562,6730745,5,19.9855324177268
"N-t59b11xx_250",250," best"," transpose"," random",0.036943,5591620,8,33.5273439682545
"N-t59b11xx_250",250," best"," insert"," CW",13.605016,8265140,14,1.74478804457014
"N-t59b11xx_250",250," best"," insert"," random",13.279364,8193175,13,2.60030123955202
"N-t59d11xx_150",150," best"," exchange"," CW",0.135255,1152686,2,21.1944784189754
"N-t59d11xx_150",150," best"," exchange"," random",0.127893,955831,2,34.652836506809
"N-t59d11xx_150",150," best"," transpose"," CW",0.005672,1160277,5,20.6755055900163
"N-t59d11xx_150",150," best"," transpose"," random",0.006611,944878,5,35.4016587167404
"N-t59d11xx_150",150," best"," insert"," CW",1.318833,1449224,10,0.921106695371632
"N-t59d11xx_150",150," best"," insert"," random",1.241997,1425932,10,2.51350758222653
"N-t59d11xx_250",250," best"," exchange"," CW",1.001165,3142787,2,18.1814537092503
"N-t59d11xx_250",250," best"," exchange"," random",1.105387,2692451,2,29.9053907315147
"N-t59d11xx_250",250," best"," transpose"," CW",0.044902,3150114,10,17.9907043874947
"N-t59d11xx_250",250," best"," transpose"," random",0.022007,2676664,5,30.3163856192662
"N-t59d11xx_250",250," best"," insert"," CW",12.97783,3781133,13,1.56291043841624
"N-t59d11xx_250",250," best"," insert"," random",13.281994,3769125,14,1.87552376660531
"N-t59f11xx_150",150," best"," exchange"," CW",0.130413,1214267,2,21.3421621485063
"N-t59f11xx_150",150," best"," exchange"," random",0.117211,1029699,2,33.2981156715572
"N-t59f11xx_150",150," best"," transpose"," CW",0.004029,1215566,5,21.2580154728829
"N-t59f11xx_150",150," best"," transpose"," random",0.008128,1017299,6,34.1013633834348
"N-t59f11xx_150",150," best"," insert"," CW",0.987149,1520288,8,1.51872117782026
"N-t59f11xx_150",150," best"," insert"," random",1.201926,1512787,10,2.00462126546495
"N-t59f11xx_250",250," best"," exchange"," CW",0.959696,3199482,2,19.8728476741583
"N-t59f11xx_250",250," best"," exchange"," random",0.983087,2832616,2,29.0605623933448
"N-t59f11xx_250",250," best"," transpose"," CW",0.031279,3217600,7,19.4191043038753
"N-t59f11xx_250",250," best"," transpose"," random",0.027864,2807380,6,29.6925674541937
"N-t59f11xx_250",250," best"," insert"," CW",15.176093,3932141,16,1.52429022145221
"N-t59f11xx_250",250," best"," insert"," random",11.317693,3910000,12,2.07878475514437
"N-t59n11xx_150",150," best"," exchange"," CW",0.127258,250598,2,21.432781540005
"N-t59n11xx_150",150," best"," exchange"," random",0.119925,206323,2,35.3138324554803
"N-t59n11xx_150",150," best"," transpose"," CW",0.003402,247734,4,22.3306997742664
"N-t59n11xx_150",150," best"," transpose"," random",0.006268,201789,5,36.7353273137698
"N-t59n11xx_150",150," best"," insert"," CW",1.435633,314057,12,1.53718334587409
"N-t59n11xx_150",150," best"," insert"," random",1.335397,313035,11,1.85759969902182
"N-t59n11xx_250",250," best"," exchange"," CW",0.951406,655611,2,20.5905223786591
"N-t59n11xx_250",250," best"," exchange"," random",0.961909,557411,2,32.4847869691185
"N-t59n11xx_250",250," best"," transpose"," CW",0.02577,654891,6,20.6777308359415
"N-t59n11xx_250",250," best"," transpose"," random",0.021529,551214,5,33.2353853160338
"N-t59n11xx_250",250," best"," insert"," CW",11.502515,808257,12,2.10160269764828
"N-t59n11xx_250",250," best"," insert"," random",14.637348,807596,15,2.18166490634781
"N-t65b11xx_150",150," best"," exchange"," CW",0.133429,5252293,2,18.6175012814085
"N-t65b11xx_150",150," best"," exchange"," random",0.118184,4422715,2,31.4715310398343
"N-t65b11xx_150",150," best"," transpose"," CW",0.004874,5269515,6,18.3506522322538
"N-t65b11xx_150",150," best"," transpose"," random",0.008901,4321260,6,33.0435418563471
"N-t65b11xx_150",150," best"," insert"," CW",1.531719,6338300,12,1.79019113593838
"N-t65b11xx_150",150," best"," insert"," random",1.290922,6238015,11,3.344073199257
"N-t65b11xx_250",250," best"," exchange"," CW",0.98453,14251532,2,17.4971905747807
"N-t65b11xx_250",250," best"," exchange"," random",0.954065,11100077,2,35.7411162998996
"N-t65b11xx_250",250," best"," transpose"," CW",0.031677,14276221,7,17.3542647572687
"N-t65b11xx_250",250," best"," transpose"," random",0.035302,10983195,8,36.4177518623948
"N-t65b11xx_250",250," best"," insert"," CW",16.22021,16964217,17,1.79332564393323
"N-t65b11xx_250",250," best"," insert"," random",14.889431,16880928,15,2.27548970139856
"N-t65d11xx_150",150," best"," exchange"," CW",0.142194,2868238,2,19.41673571023
"N-t65d11xx_150",150," best"," exchange"," random",0.116376,2424002,2,31.8975643566081
"N-t65d11xx_150",150," best"," transpose"," CW",0.005758,2880856,7,19.0622324825312
"N-t65d11xx_150",150," best"," transpose"," random",0.010321,2385962,8,32.9662997173358
"N-t65d11xx_150",150," best"," insert"," CW",1.156421,3473599,10,2.40909357811981
"N-t65d11xx_150",150," best"," insert"," random",1.661821,3477555,14,2.29794959581069
"N-t65d11xx_250",250," best"," exchange"," CW",1.014165,7680719,2,17.868170650543
"N-t65d11xx_250",250," best"," exchange"," random",1.045674,6325434,2,32.3605686070206
"N-t65d11xx_250",250," best"," transpose"," CW",0.039876,7696124,8,17.7034411725959
"N-t65d11xx_250",250," best"," transpose"," random",0.039756,6291686,8,32.7214443241098
"N-t65d11xx_250",250," best"," insert"," CW",12.462521,9142349,13,2.23859928723089
"N-t65d11xx_250",250," best"," insert"," random",16.639529,9150164,18,2.15503155791206
"N-t65f11xx_150",150," best"," exchange"," CW",0.116962,2489633,2,21.1973376599946
"N-t65f11xx_150",150," best"," exchange"," random",0.119153,2168920,2,31.3486484142504
"N-t65f11xx_150",150," best"," transpose"," CW",0.005305,2503246,6,20.766454617219
"N-t65f11xx_150",150," best"," transpose"," random",0.008511,2143139,7,32.1646768962747
"N-t65f11xx_150",150," best"," insert"," CW",1.516704,3096544,13,1.98719600319815
"N-t65f11xx_150",150," best"," insert"," random",1.621006,3075505,14,2.65312918008461
"N-t65f11xx_250",250," best"," exchange"," CW",0.907211,6735037,2,19.9122023761747
"N-t65f11xx_250",250," best"," exchange"," random",0.924779,5773757,2,31.3429930458964
"N-t65f11xx_250",250," best"," transpose"," CW",0.038905,6790423,10,19.2535953396887
"N-t65f11xx_250",250," best"," transpose"," random",0.036379,5792510,9,31.1199970224388
"N-t65f11xx_250",250," best"," insert"," CW",14.432063,8244965,15,1.95731837322897
"N-t65f11xx_250",250," best"," insert"," random",12.48867,8229953,13,2.13582934769412
"N-t65l11xx_150",150," best"," exchange"," CW",0.115461,211997,2,16.3376691029061
"N-t65l11xx_150",150," best"," exchange"," random",0.112697,141356,2,44.2153783011571
"N-t65l11xx_150",150," best"," transpose"," CW",0.002597,209910,3,17.1612811567665
"N-t65l11xx_150",150," best"," transpose"," random",0.004558,128191,4,49.4108036433093
"N-t65l11xx_150",150," best"," insert"," CW",1.161432,248257,10,2.02805095581619
"N-t65l11xx_150",150," best"," insert"," random",1.129392,249678,10,1.46726862302483
"N-t65l11xx_250",250," best"," exchange"," CW",0.929354,550042,2,17.4425969675229
"N-t65l11xx_250",250," best"," exchange"," random",0.927105,413578,2,37.9248754979332
"N-t65l11xx_250",250," best"," transpose"," CW",0.016198,541550,4,18.7171859380957
"N-t65l11xx_250",250," best"," transpose"," random",0.012932,395635,3,40.6179925373806
"N-t65l11xx_250",250," best"," insert"," CW",12.180851,652074,12,2.12831742848823
"N-t65l11xx_250",250," best"," insert"," random",11.234986,653964,12,1.84464183329481
"N-t65n11xx_150",150," best"," exchange"," CW",0.133699,417675,2,24.1601647259198
"N-t65n11xx_150",150," best"," exchange"," random",0.118411,348925,2,36.6435278074857
"N-t65n11xx_150",150," best"," transpose"," CW",0.005866,424213,7,22.9730195938867
"N-t65n11xx_150",150," best"," transpose"," random",0.006461,342935,6,37.7311691872468
"N-t65n11xx_150",150," best"," insert"," CW",1.222897,539751,10,1.99406972162554
"N-t65n11xx_150",150," best"," insert"," random",1.303141,540541,11,1.85062453130646
"N-t65n11xx_250",250," best"," exchange"," CW",0.983793,1140057,2,20.2401491014872
"N-t65n11xx_250",250," best"," exchange"," random",0.971587,958832,2,32.9188826903192
"N-t65n11xx_250",250," best"," transpose"," CW",0.035786,1142838,8,20.0455867722802
"N-t65n11xx_250",250," best"," transpose"," random",0.026317,952838,6,33.3382306231731
"N-t65n11xx_250",250," best"," insert"," CW",12.29039,1383756,13,3.19065429191485
"N-t65n11xx_250",250," best"," insert"," random",13.623644,1387205,14,2.94935782537944
"N-t69r11xx_150",150," best"," exchange"," CW",0.128923,8828896,2,25.5319836264588
"N-t69r11xx_150",150," best"," exchange"," random",0.119739,7777704,2,34.3983450682218
"N-t69r11xx_150",150," best"," transpose"," CW",0.00591,8789899,6,25.8609068841933
"N-t69r11xx_150",150," best"," transpose"," random",0.007597,7600701,6,35.8912907663211
"N-t69r11xx_150",150," best"," insert"," CW",1.451002,11514982,12,2.87598040377508
"N-t69r11xx_150",150," best"," insert"," random",1.692821,11651550,14,1.72408688729219
"N-t69r11xx_250",250," best"," exchange"," CW",0.985472,24651729,2,22.5176465862522
"N-t69r11xx_250",250," best"," exchange"," random",1.026478,21216749,2,33.3140631105924
"N-t69r11xx_250",250," best"," transpose"," CW",0.026086,25031531,6,21.3238985618744
"N-t69r11xx_250",250," best"," transpose"," random",0.034206,21060290,7,33.8058262454525
"N-t69r11xx_250",250," best"," insert"," CW",10.55592,30995639,11,2.57823070816073
"N-t69r11xx_250",250," best"," insert"," random",25.920302,31117730,27,2.19448894259784
"N-t70b11xx_150",150," best"," exchange"," CW",0.130827,7728537,2,19.888529649291
"N-t70b11xx_150",150," best"," exchange"," random",0.118376,6233146,2,35.3892604809111
"N-t70b11xx_150",150," best"," transpose"," CW",0.008989,7739769,9,19.7721024348028
"N-t70b11xx_150",150," best"," transpose"," random",0.007805,6051685,6,37.2702254709617
"N-t70b11xx_150",150," best"," insert"," CW",1.222539,9452208,10,2.02152348617411
"N-t70b11xx_150",150," best"," insert"," random",1.317968,9479197,11,1.74176439680244
"N-t70b11xx_250",250," best"," exchange"," CW",0.961078,20829890,2,18.0023890836709
"N-t70b11xx_250",250," best"," exchange"," random",0.954902,16992752,2,33.1074207836108
"N-t70b11xx_250",250," best"," transpose"," CW",0.038767,20830150,9,18.0013655843227
"N-t70b11xx_250",250," best"," transpose"," random",0.034488,16816083,8,33.8028846541822
"N-t70b11xx_250",250," best"," insert"," CW",16.19508,24992029,17,1.61797926193494
"N-t70b11xx_250",250," best"," insert"," random",16.666991,24632759,18,3.03225853436074
"N-t70d11xn_150",150," best"," exchange"," CW",0.143921,4644900,2,20.2612397592713
"N-t70d11xn_150",150," best"," exchange"," random",0.120884,3660901,2,37.1535001605968
"N-t70d11xn_150",150," best"," transpose"," CW",0.008468,4698008,8,19.3495374451495
"N-t70d11xn_150",150," best"," transpose"," random",0.006646,3608392,6,38.0549194724185
"N-t70d11xn_150",150," best"," insert"," CW",1.417369,5689323,12,2.33168364678179
"N-t70d11xn_150",150," best"," insert"," random",1.673504,5703947,14,2.08063418828744
"N-t70d11xn_250",250," best"," exchange"," CW",0.957354,12456064,2,18.0902716060294
"N-t70d11xn_250",250," best"," exchange"," random",0.970861,10664819,2,29.8693048092192
"N-t70d11xn_250",250," best"," transpose"," CW",0.042531,12495909,10,17.828255199574
"N-t70d11xn_250",250," best"," transpose"," random",0.046556,10647818,10,29.981101544723
"N-t70d11xn_250",250," best"," insert"," CW",11.334503,14921564,12,1.87741051641596
"N-t70d11xn_250",250," best"," insert"," random",14.39174,14884758,15,2.11944278786772
"N-t70d11xx_150",150," best"," exchange"," CW",0.13055,4963660,2,19.6061402829656
"N-t70d11xx_150",150," best"," exchange"," random",0.123774,4155209,2,32.7002072178677
"N-t70d11xx_150",150," best"," transpose"," CW",0.008534,4978394,8,19.3675012285036
"N-t70d11xx_150",150," best"," transpose"," random",0.009016,4283429,8,30.6234935241582
"N-t70d11xx_150",150," best"," insert"," CW",1.082329,6048307,9,2.03866814335447
"N-t70d11xx_150",150," best"," insert"," random",1.433311,6014249,12,2.59028813228255
"N-t70d11xx_250",250," best"," exchange"," CW",0.952926,12964319,2,19.1779608385585
"N-t70d11xx_250",250," best"," exchange"," random",1.030004,11112912,2,30.7199854568795
"N-t70d11xx_250",250," best"," transpose"," CW",0.035924,13084902,8,18.4262234007337
"N-t70d11xx_250",250," best"," transpose"," random",0.055005,11072864,12,30.9696523328903
"N-t70d11xx_250",250," best"," insert"," CW",16.978197,15709771,18,2.06228904277366
"N-t70d11xx_250",250," best"," insert"," random",13.31507,15710633,14,2.05691517024266
"N-t70f11xx_150",150," best"," exchange"," CW",0.129386,4064687,2,21.0755253735998
"N-t70f11xx_150",150," best"," exchange"," random",0.11927,3294713,2,36.0261952347694
"N-t70f11xx_150",150," best"," transpose"," CW",0.004611,4089072,5,20.6020391460588
"N-t70f11xx_150",150," best"," transpose"," random",0.007571,3241715,6,37.0552632309644
"N-t70f11xx_150",150," best"," insert"," CW",1.45831,5032739,12,2.27875319629902
"N-t70f11xx_150",150," best"," insert"," random",1.407954,5032488,12,2.28362689091099
"N-t70f11xx_250",250," best"," exchange"," CW",0.980177,11062075,2,18.5782049125818
"N-t70f11xx_250",250," best"," exchange"," random",0.96471,9479137,2,30.2293330663945
"N-t70f11xx_250",250," best"," transpose"," CW",0.031744,11115805,7,18.1827282004779
"N-t70f11xx_250",250," best"," transpose"," random",0.036603,9423977,8,30.6353352149084
"N-t70f11xx_250",250," best"," insert"," CW",14.175138,13350655,15,1.73323759847815
"N-t70f11xx_250",250," best"," insert"," random",17.024813,13218998,18,2.70229171136604
"N-t70l11xx_150",150," best"," exchange"," CW",0.140052,344555,2,21.1295557864955
"N-t70l11xx_150",150," best"," exchange"," random",0.206855,282608,2,35.30954855309
"N-t70l11xx_150",150," best"," transpose"," CW",0.004267,340538,5,22.0490681267769
"N-t70l11xx_150",150," best"," transpose"," random",0.004489,271234,5,37.913116727937
"N-t70l11xx_150",150," best"," insert"," CW",1.307214,425013,11,2.71229816280656
"N-t70l11xx_150",150," best"," insert"," random",1.273145,422666,10,3.24953875594581
"N-t70l11xx_250",250," best"," exchange"," CW",0.945143,853245,2,23.3470903615757
"N-t70l11xx_250",250," best"," exchange"," random",0.985446,674415,2,39.4126281972963
"N-t70l11xx_250",250," best"," transpose"," CW",0.015162,850399,3,23.6027662586872
"N-t70l11xx_250",250," best"," transpose"," random",0.019682,670363,4,39.7766474295858
"N-t70l11xx_250",250," best"," insert"," CW",12.126706,1076788,12,3.26467396382087
"N-t70l11xx_250",250," best"," insert"," random",11.61947,1086337,12,2.40682113826981
"N-t70n11xx_150",150," best"," exchange"," CW",0.130738,720671,2,24.0529953747077
"N-t70n11xx_150",150," best"," exchange"," random",0.119188,601701,2,36.5904988128522
"N-t70n11xx_150",150," best"," transpose"," CW",0.005654,724885,6,23.6089082982318
"N-t70n11xx_150",150," best"," transpose"," random",0.010924,593115,9,37.4953235965784
"N-t70n11xx_150",150," best"," insert"," CW",1.457805,921384,12,2.90110895308632
"N-t70n11xx_150",150," best"," insert"," random",1.637677,927820,14,2.22285920837843
"N-t70n11xx_250",250," best"," exchange"," CW",0.977563,1935038,2,20.8375913827172
"N-t70n11xx_250",250," best"," exchange"," random",0.967317,1652511,2,32.3957715421843
"N-t70n11xx_250",250," best"," transpose"," CW",0.02526,1942073,6,20.5497895180393
"N-t70n11xx_250",250," best"," transpose"," random",0.026916,1650484,6,32.4786961164135
"N-t70n11xx_250",250," best"," insert"," CW",13.294908,2400127,14,1.81079942235077
"N-t70n11xx_250",250," best"," insert"," random",15.239209,2389122,16,2.26101399531171
"N-t74d11xx_150",150," best"," exchange"," CW",0.137094,7505253,2,20.1232667705685
"N-t74d11xx_150",150," best"," exchange"," random",0.133934,6292798,2,33.0271548323954
"N-t74d11xx_150",150," best"," transpose"," CW",0.012824,7609206,12,19.0169181838655
"N-t74d11xx_150",150," best"," transpose"," random",0.006323,6301767,6,32.9316997664123
"N-t74d11xx_150",150," best"," insert"," CW",1.334089,9189696,11,2.1961157270017
"N-t74d11xx_150",150," best"," insert"," random",1.551884,9142963,13,2.6934846196974
"N-t74d11xx_250",250," best"," exchange"," CW",0.955746,19898576,2,18.5494376848374
"N-t74d11xx_250",250," best"," exchange"," random",0.947268,16927333,2,30.7115850226666
"N-t74d11xx_250",250," best"," transpose"," CW",0.03976,19960371,9,18.2964930772301
"N-t74d11xx_250",250," best"," transpose"," random",0.040718,16783671,9,31.2996346742256
"N-t74d11xx_250",250," best"," insert"," CW",11.393147,23898595,12,2.17621596176871
"N-t74d11xx_250",250," best"," insert"," random",13.091233,23943219,14,1.99355716785542
"N-t75d11xx_150",150," best"," exchange"," CW",0.129262,7708096,2,20.0582443316525
"N-t75d11xx_150",150," best"," exchange"," random",0.118942,6159194,2,36.1221264159201
"N-t75d11xx_150",150," best"," transpose"," CW",0.007784,7789504,8,19.2139504300912
"N-t75d11xx_150",150," best"," transpose"," random",0.013622,6114949,13,36.5809975793755
"N-t75d11xx_150",150," best"," insert"," CW",1.327321,9501094,11,1.46280804883563
"N-t75d11xx_150",150," best"," insert"," random",1.443379,9407346,12,2.43508183867897
"N-t75d11xx_250",250," best"," exchange"," CW",0.950933,20387373,2,18.5061161665726
"N-t75d11xx_250",250," best"," exchange"," random",0.94484,17725242,2,29.1473789944693
"N-t75d11xx_250",250," best"," transpose"," CW",0.048638,20494682,11,18.077172860327
"N-t75d11xx_250",250," best"," transpose"," random",0.052177,17653655,11,29.4335317352851
"N-t75d11xx_250",250," best"," insert"," CW",17.447102,24646331,18,1.48190081016318
"N-t75d11xx_250",250," best"," insert"," random",14.887745,24502685,16,2.05609300437753
"N-t75e11xx_150",150," best"," exchange"," CW",0.13219,32813704,2,21.0643453110742
"N-t75e11xx_150",150," best"," exchange"," random",0.119311,27128168,2,34.7412988917324
"N-t75e11xx_150",150," best"," transpose"," CW",0.007531,32880307,8,20.9041271470642
"N-t75e11xx_150",150," best"," transpose"," random",0.013852,26841183,11,35.4316613348415
"N-t75e11xx_150",150," best"," insert"," CW",1.091086,40755488,9,1.95982972703543
"N-t75e11xx_150",150," best"," insert"," random",2.054071,40847184,17,1.73924860055377
"N-t75e11xx_250",250," best"," exchange"," CW",0.973848,84425466,2,21.0045826165305
"N-t75e11xx_250",250," best"," exchange"," random",0.956812,74235997,2,30.5386887897901
"N-t75e11xx_250",250," best"," transpose"," CW",0.032043,84195824,7,21.2194545799115
"N-t75e11xx_250",250," best"," transpose"," random",0.033645,73890813,7,30.8616713618271
"N-t75e11xx_250",250," best"," insert"," CW",14.898482,104582359,16,2.14413385467308
"N-t75e11xx_250",250," best"," insert"," random",16.751424,103511472,18,3.14614390618445
"N-t75k11xx_150",150," best"," exchange"," CW",0.131262,1198119,2,22.2806104841995
"N-t75k11xx_150",150," best"," exchange"," random",0.119616,1007942,2,34.6169813621727
"N-t75k11xx_150",150," best"," transpose"," CW",0.004596,1218870,5,20.9345379723352
"N-t75k11xx_150",150," best"," transpose"," random",0.010786,995065,9,35.4522845155281
"N-t75k11xx_150",150," best"," insert"," CW",1.258089,1509969,10,2.05157512084878
"N-t75k11xx_150",150," best"," insert"," random",1.412917,1520595,12,1.36228947143091
"N-t75k11xx_250",250," best"," exchange"," CW",1.00198,3289007,2,19.659787158735
"N-t75k11xx_250",250," best"," exchange"," random",0.937871,2846321,2,30.4732294718247
"N-t75k11xx_250",250," best"," transpose"," CW",0.027262,3314218,6,19.043960830016
"N-t75k11xx_250",250," best"," transpose"," random",0.030984,2828312,7,30.9131333373556
"N-t75k11xx_250",250," best"," insert"," CW",13.93895,4031999,15,1.51080315859232
"N-t75k11xx_250",250," best"," insert"," random",14.637708,4027154,15,1.62915144158957
"N-t75n11xx_150",150," best"," exchange"," CW",0.130626,1332177,2,23.5740011726275
"N-t75n11xx_150",150," best"," exchange"," random",0.134129,1099780,2,36.9064433702371
"N-t75n11xx_150",150," best"," transpose"," CW",0.007255,1330987,7,23.6422705832273
"N-t75n11xx_150",150," best"," transpose"," random",0.008811,1081423,7,37.9595707403043
"N-t75n11xx_150",150," best"," insert"," CW",1.425939,1703533,12,2.26958500230051
"N-t75n11xx_150",150," best"," insert"," random",1.208239,1706021,10,2.12685030181964
"N-t75n11xx_250",250," best"," exchange"," CW",0.929575,3628589,2,19.8091599848131
"N-t75n11xx_250",250," best"," exchange"," random",0.951414,2982863,2,34.0795307431565
"N-t75n11xx_250",250," best"," transpose"," CW",0.042681,3623615,10,19.9190840457182
"N-t75n11xx_250",250," best"," transpose"," random",0.033085,2977188,7,34.2049467153391
"N-t75n11xx_250",250," best"," insert"," CW",13.019,4451634,14,1.62008706409939
"N-t75n11xx_250",250," best"," insert"," random",13.979058,4417819,15,2.36738946046159
"N-tiw56n54_150",150," best"," exchange"," CW",0.128884,685893,2,18.1458210264397
"N-tiw56n54_150",150," best"," exchange"," random",0.120179,586965,2,29.951846481571
"N-tiw56n54_150",150," best"," transpose"," CW",0.005754,688060,6,17.887212167863
"N-tiw56n54_150",150," best"," transpose"," random",0.013785,575639,10,31.3034865056776
"N-tiw56n54_150",150," best"," insert"," CW",1.454746,819284,12,2.22699580521395
"N-tiw56n54_150",150," best"," insert"," random",1.284885,818474,11,2.32366086079635
"N-tiw56n54_250",250," best"," exchange"," CW",0.971413,1723358,2,17.8855172137764
"N-tiw56n54_250",250," best"," exchange"," random",0.947431,1455761,2,30.6359667722228
"N-tiw56n54_250",250," best"," transpose"," CW",0.034465,1733576,8,17.3986504193496
"N-tiw56n54_250",250," best"," transpose"," random",0.031011,1447533,7,31.0280141381009
"N-tiw56n54_250",250," best"," insert"," CW",12.420585,2065787,13,1.56947595827183
"N-tiw56n54_250",250," best"," insert"," random",17.409111,2051245,18,2.26237250598697
"N-tiw56n58_150",150," best"," exchange"," CW",0.131656,927851,2,19.6938355121033
"N-tiw56n58_150",150," best"," exchange"," random",0.125207,728786,2,36.9230529551875
"N-tiw56n58_150",150," best"," transpose"," CW",0.00811,928115,7,19.6709861241899
"N-tiw56n58_150",150," best"," transpose"," random",0.00915,713317,7,38.2619059159143
"N-tiw56n58_150",150," best"," insert"," CW",1.1054,1132321,9,1.99681147177754
"N-tiw56n58_150",150," best"," insert"," random",1.334132,1131631,11,2.05653146291475
"N-tiw56n58_250",250," best"," exchange"," CW",0.949483,2390334,2,17.7634650390466
"N-tiw56n58_250",250," best"," exchange"," random",0.965769,2014364,2,30.6982557625478
"N-tiw56n58_250",250," best"," transpose"," CW",0.038303,2401194,9,17.389839943275
"N-tiw56n58_250",250," best"," transpose"," random",0.032079,1999304,7,31.2163767517117
"N-tiw56n58_250",250," best"," insert"," CW",12.107217,2842240,13,2.21618856301242
"N-tiw56n58_250",250," best"," insert"," random",12.968145,2834285,14,2.48987066585428
"N-tiw56n62_150",150," best"," exchange"," CW",0.130084,1306925,2,19.6688099790955
"N-tiw56n62_150",150," best"," exchange"," random",0.120747,1065494,2,34.5085594199104
"N-tiw56n62_150",150," best"," transpose"," CW",0.005809,1319361,6,18.9044212964243
"N-tiw56n62_150",150," best"," transpose"," random",0.009163,1057721,8,34.9863330794796
"N-tiw56n62_150",150," best"," insert"," CW",1.679278,1590801,14,2.22014467819888
"N-tiw56n62_150",150," best"," insert"," random",1.530324,1591253,13,2.19236213682164
"N-tiw56n62_250",250," best"," exchange"," CW",0.969396,3403252,2,17.850314224023
"N-tiw56n62_250",250," best"," exchange"," random",0.940594,2774797,2,33.020328308887
"N-tiw56n62_250",250," best"," transpose"," CW",0.046284,3414826,10,17.5709342477029
"N-tiw56n62_250",250," best"," transpose"," random",0.034052,2782763,7,32.82804034523
"N-tiw56n62_250",250," best"," insert"," CW",13.169649,4043768,14,2.38916467221613
"N-tiw56n62_250",250," best"," insert"," random",14.834019,4065415,16,1.86663673482196
"N-tiw56n66_150",150," best"," exchange"," CW",0.127241,1699728,2,19.3531658236142
"N-tiw56n66_150",150," best"," exchange"," random",0.118916,1351978,2,35.8528272899419
"N-tiw56n66_150",150," best"," transpose"," CW",0.007558,1697073,8,19.4791373583176
"N-tiw56n66_150",150," best"," transpose"," random",0.006752,1325388,6,37.1144405132047
"N-tiw56n66_150",150," best"," insert"," CW",1.187345,2057225,10,2.39103936717215
"N-tiw56n66_150",150," best"," insert"," random",1.323123,2076557,11,1.47379578567094
"N-tiw56n66_250",250," best"," exchange"," CW",0.941648,4358534,2,18.8415992539854
"N-tiw56n66_250",250," best"," exchange"," random",0.94274,3648817,2,32.0569364986321
"N-tiw56n66_250",250," best"," transpose"," CW",0.038636,4387904,9,18.2947130234522
"N-tiw56n66_250",250," best"," transpose"," random",0.033937,3659951,8,31.8496150382727
"N-tiw56n66_250",250," best"," insert"," CW",15.917055,5273335,17,1.80748040557098
"N-tiw56n66_250",250," best"," insert"," random",15.815266,5263982,17,1.98163862532502
"N-tiw56n67_150",150," best"," exchange"," CW",0.130003,1950302,2,17.8102477700527
"N-tiw56n67_150",150," best"," exchange"," random",0.120587,1675907,2,29.3738194954246
"N-tiw56n67_150",150," best"," transpose"," CW",0.006917,1957421,7,17.5102384145144
"N-tiw56n67_150",150," best"," transpose"," random",0.008616,1597567,7,32.675228810338
"N-tiw56n67_150",150," best"," insert"," CW",1.333985,2323011,11,2.10352113803802
"N-tiw56n67_150",150," best"," insert"," random",1.775108,2337508,15,1.49258763231555
"N-tiw56n67_250",250," best"," exchange"," CW",0.962901,5187529,2,17.9818898700967
"N-tiw56n67_250",250," best"," exchange"," random",0.95004,4333579,2,31.483378757278
"N-tiw56n67_250",250," best"," transpose"," CW",0.036183,5252193,8,16.9595111858638
"N-tiw56n67_250",250," best"," transpose"," random",0.035219,4243100,8,32.9139088972432
"N-tiw56n67_250",250," best"," insert"," CW",18.810692,6223487,20,1.60273953976516
"N-tiw56n67_250",250," best"," insert"," random",16.242831,6173950,17,2.38595079921162
"N-tiw56n72_150",150," best"," exchange"," CW",0.133015,3376402,2,18.3636866109417
"N-tiw56n72_150",150," best"," exchange"," random",0.117989,2679519,2,35.2132676097407
"N-tiw56n72_150",150," best"," transpose"," CW",0.010668,3406309,11,17.6405804095692
"N-tiw56n72_150",150," best"," transpose"," random",0.008993,2511906,7,39.2658974198404
"N-tiw56n72_150",150," best"," insert"," CW",1.206423,4049952,10,2.07826239806649
"N-tiw56n72_150",150," best"," insert"," random",1.679229,4055589,14,1.94196823091041
"N-tiw56n72_250",250," best"," exchange"," CW",0.948283,9221775,2,17.2913169190291
"N-tiw56n72_250",250," best"," exchange"," random",1.084967,7613154,2,31.718791508942
"N-tiw56n72_250",250," best"," transpose"," CW",0.030302,9213963,7,17.3613815467421
"N-tiw56n72_250",250," best"," transpose"," random",0.031686,7458982,7,33.1015364889442
"N-tiw56n72_250",250," best"," insert"," CW",9.552539,10935526,10,1.92094751197924
"N-tiw56n72_250",250," best"," insert"," random",13.531635,10927118,14,1.99635757211894
"N-tiw56r54_150",150," best"," exchange"," CW",0.130876,778059,2,18.7992594386094
"N-tiw56r54_150",150," best"," exchange"," random",0.13214,629888,2,34.2628617229115
"N-tiw56r54_150",150," best"," transpose"," CW",0.007179,777277,7,18.8808714746105
"N-tiw56r54_150",150," best"," transpose"," random",0.010354,624466,8,34.828719087615
"N-tiw56r54_150",150," best"," insert"," CW",1.679903,941281,13,1.7648863693289
"N-tiw56r54_150",150," best"," insert"," random",1.270303,933482,10,2.57881510177501
"N-tiw56r54_250",250," best"," exchange"," CW",1.039872,1964021,2,17.732137194855
"N-tiw56r54_250",250," best"," exchange"," random",1.079232,1651321,2,30.8303478041962
"N-tiw56r54_250",250," best"," transpose"," CW",0.050926,1961319,11,17.8453171279105
"N-tiw56r54_250",250," best"," transpose"," random",0.034633,1645440,7,31.0766879915756
"N-tiw56r54_250",250," best"," insert"," CW",23.646714,2346955,22,1.69200230045963
"N-tiw56r54_250",250," best"," insert"," random",16.288731,2326702,16,2.54034914878386
"N-tiw56r58_150",150," best"," exchange"," CW",0.137608,973911,2,20.1250722753722
"N-tiw56r58_150",150," best"," exchange"," random",0.13003,810102,2,33.5598030009145
"N-tiw56r58_150",150," best"," transpose"," CW",0.006553,984361,6,19.2680196342969
"N-tiw56r58_150",150," best"," transpose"," random",0.012794,806469,10,33.8577620674242
"N-tiw56r58_150",150," best"," insert"," CW",1.4613,1195637,11,1.94030156770921
"N-tiw56r58_150",150," best"," insert"," random",1.759204,1193714,14,2.09801565658844
"N-tiw56r58_250",250," best"," exchange"," CW",1.031371,2498069,2,18.3723744193015
"N-tiw56r58_250",250," best"," exchange"," random",1.068715,2179344,2,28.7871247577462
"N-tiw56r58_250",250," best"," transpose"," CW",0.040478,2510954,9,17.9513404304055
"N-tiw56r58_250",250," best"," transpose"," random",0.032005,2181605,7,28.7132436674168
"N-tiw56r58_250",250," best"," insert"," CW",13.590977,3000736,13,1.94708205637117
"N-tiw56r58_250",250," best"," insert"," random",14.397664,2988788,14,2.33749836210099
"N-tiw56r66_150",150," best"," exchange"," CW",0.13977,1566060,2,19.3066615827346
"N-tiw56r66_150",150," best"," exchange"," random",0.131181,1246875,2,35.7530960888932
"N-tiw56r66_150",150," best"," transpose"," CW",0.005061,1571383,5,19.0323868803636
"N-tiw56r66_150",150," best"," transpose"," random",0.006854,1250215,7,35.5809981167123
"N-tiw56r66_150",150," best"," insert"," CW",1.829372,1905818,14,1.80017570481591
"N-tiw56r66_150",150," best"," insert"," random",1.712316,1903385,14,1.92553928754531
"N-tiw56r66_250",250," best"," exchange"," CW",0.968845,4048768,2,18.1804917696862
"N-tiw56r66_250",250," best"," exchange"," random",0.967389,3350284,2,32.2958022509839
"N-tiw56r66_250",250," best"," transpose"," CW",0.031156,4069395,7,17.7636511415577
"N-tiw56r66_250",250," best"," transpose"," random",0.040571,3360563,9,32.08807913
"N-tiw56r66_250",250," best"," insert"," CW",11.598879,4846443,12,2.06068045236312
"N-tiw56r66_250",250," best"," insert"," random",14.379066,4846868,15,2.05209184195179
"N-tiw56r67_150",150," best"," exchange"," CW",0.130293,1672094,2,18.6861944992747
"N-tiw56r67_150",150," best"," exchange"," random",0.124445,1334829,2,35.0873660914233
"N-tiw56r67_150",150," best"," transpose"," CW",0.005625,1675898,5,18.501206265285
"N-tiw56r67_150",150," best"," transpose"," random",0.012486,1302211,10,36.6735769789826
"N-tiw56r67_150",150," best"," insert"," CW",1.343374,2022384,11,1.6516181364332
"N-tiw56r67_150",150," best"," insert"," random",1.463176,2011915,12,2.16072481930336
"N-tiw56r67_250",250," best"," exchange"," CW",0.939675,4334780,2,18.051790871924
"N-tiw56r67_250",250," best"," exchange"," random",0.944562,3473676,2,34.3308017266901
"N-tiw56r67_250",250," best"," transpose"," CW",0.040531,4385713,9,17.0889119863704
"N-tiw56r67_250",250," best"," transpose"," random",0.044506,3469771,10,34.4046250249071
"N-tiw56r67_250",250," best"," insert"," CW",16.891242,5219584,17,1.32473592810726
"N-tiw56r67_250",250," best"," insert"," random",12.37078,5178472,13,2.10195063650618
"N-tiw56r72_150",150," best"," exchange"," CW",0.134139,2264367,2,19.8101607857331
"N-tiw56r72_150",150," best"," exchange"," random",0.118782,1831580,2,35.1367928838094
"N-tiw56r72_150",150," best"," transpose"," CW",0.00469,2264071,5,19.8206432704219
"N-tiw56r72_150",150," best"," transpose"," random",0.007905,1829418,9,35.2133575185976
"N-tiw56r72_150",150," best"," insert"," CW",1.247697,2755293,10,2.42460579128948
"N-tiw56r72_150",150," best"," insert"," random",1.543435,2773322,13,1.78613039785987
"N-tiw56r72_250",250," best"," exchange"," CW",0.971703,6048860,2,18.8244531796549
"N-tiw56r72_250",250," best"," exchange"," random",0.968135,5197530,2,30.2492800519192
"N-tiw56r72_250",250," best"," transpose"," CW",0.036451,6077068,8,18.4459025395826
"N-tiw56r72_250",250," best"," transpose"," random",0.036526,5184394,8,30.4255648366608
"N-tiw56r72_250",250," best"," insert"," CW",14.359394,7304230,15,1.97741981934299
"N-tiw56r72_250",250," best"," insert"," random",14.472454,7309997,15,1.90002682652898
